math_score,reading_score,writing_score
73,88,57
63,81,65
75,69,56
88,59,63
62,78,39
62,74,71
89,81,68
77,77,55
58,83,77
74,61,82
59,87,43
59,71,56
69,98,56
37,59,53
40,93,80
57,71,65
50,59,64
70,62,37
52,64,77
44,74,49
87,76,68
62,60,72
67,68,88
44,98,48
57,93,22
67,75,70
48,69,95
71,70,86
56,77,71
61,54,60
56,65,80
93,45,53
65,74,75
50,78,75
78,62,83
47,91,100
69,51,73
36,48,60
46,72,67
68,83,41
77,92,57
68,62,61
64,84,60
61,68,70
43,66,55
55,81,84
59,78,68
81,46,67
71,89,63
39,88,70
70,60,80
60,74,54
55,75,58
75,72,63
81,61,47
79,59,55
53,68,60
61,85,81
70,76,71
80,63,70
58,79,80
63,29,65
49,85,73
48,44,66
78,63,71
86,53,59
64,50,31
81,85,65
71,62,89
56,73,81
71,68,82
89,75,86
65,70,69
89,51,70
26,82,58
78,62,63
67,47,77
61,63,86
67,90,65
36,80,61
62,64,68
71,64,77
88,64,46
58,98,33
53,74,59
58,75,49
79,83,60
70,72,65
58,65,61
73,66,89
67,67,72
80,68,72
55,79,77
61,69,50
60,79,83
44,67,66
70,70,78
69,41,51
66,81,44
62,73,80
44,82,73
59,28,54
60,98,54
53,67,84
63,84,50
72,54,92
94,77,54
68,54,77
69,60,63
64,95,77
37,66,59
65,72,65
66,81,68
100,75,52
63,71,79
70,74,60
65,100,64
48,68,53
83,71,29
77,83,65
77,84,100
52,85,79
87,77,67
44,52,64
74,91,68
98,52,76
51,73,50
57,58,84
67,68,78
58,73,78
42,73,74
67,74,68
50,91,78
73,75,76
52,65,62
89,82,59
54,85,69
61,51,91
78,77,49
47,78,45
69,64,70
85,88,68
41,66,70
68,70,71
69,66,64
77,69,90
47,53,43
46,48,55
73,91,66
70,57,43
69,55,65
71,38,92
55,60,68
69,50,71
70,91,49
55,83,58
93,59,62
73,100,63
48,82,87
75,64,76
51,34,51
77,100,71
83,49,75
53,45,85
80,83,91
72,100,52
78,88,55
94,76,49
62,77,64
54,80,74
52,79,82
53,72,66
64,70,63
71,68,70
70,58,55
78,65,99
66,45,43
87,67,70
62,55,98
100,53,68
75,71,65
53,88,62
49,81,65
73,47,88
62,55,34
76,82,91
73,55,46
64,65,64
53,76,61
43,55,76
59,70,44
78,50,74
69,60,98
47,73,47
68,46,70
71,75,58
52,68,74
68,76,68
66,72,58
48,88,75
71,70,95
74,62,65
82,70,78
81,76,48
45,69,53
51,69,75
73,59,90
73,59,73
73,49,63
100,93,67
74,51,49
83,59,77
80,58,81
75,81,61
61,64,60
77,86,71
54,59,61
62,72,67
58,57,99
67,99,64
100,52,62
37,73,58
76,77,79
41,74,65
58,66,58
82,67,87
66,69,89
49,66,58
55,82,40
76,99,83
55,61,57
69,49,79
66,67,38
56,100,81
98,57,49
75,91,78
35,92,68
68,61,53
56,76,61
78,91,78
54,63,69
64,66,76
73,60,97
78,54,44
47,59,92
60,51,69
58,69,54
56,58,48
92,72,65
72,47,81
47,73,66
79,80,90
97,41,46
81,74,67
43,86,49
58,52,73
85,92,81
55,74,61
72,59,28
77,68,70
52,76,74
65,70,74
17,76,86
50,56,51
62,71,78
47,49,85
90,67,41
44,56,72
59,58,60
67,86,66
87,84,73
44,77,60
83,53,57
66,64,68
51,85,51
72,70,51
68,100,78
56,74,50
67,71,77
60,64,74
67,70,42
75,66,57
89,78,85
47,82,53
97,57,61
36,50,74
63,43,79
74,76,64
70,53,59
56,38,89
62,74,94
58,100,82
57,68,69
78,80,55
71,70,55
55,67,75
79,81,74
70,64,89
78,72,77
75,73,45
53,59,83
57,82,53
77,66,62
75,58,71
65,76,97
67,56,100
85,69,77
57,68,65
74,84,76
62,75,81
62,68,63
82,80,94
78,88,71
78,76,75
85,69,77
66,50,74
76,54,80
61,64,58
70,60,59
64,66,51
67,69,74
74,76,79
53,68,74
97,75,93
50,69,67
47,41,78
83,55,51
77,66,62
75,52,78
75,77,80
65,90,63
52,86,66
67,66,45
55,89,62
80,71,81
63,64,76
53,60,75
61,64,68
72,63,68
57,71,58
53,71,78
69,69,74
69,75,75
58,85,60
58,82,35
69,48,84
44,33,60
44,82,55
55,49,78
62,65,62
70,52,83
88,43,77
78,76,78
63,79,47
65,60,86
50,32,71
65,61,62
61,74,70
70,48,41
53,71,74
73,68,52
88,77,47
64,70,45
72,55,84
76,85,58
59,66,91
69,68,59
66,55,42
67,62,51
54,56,86
66,66,65
73,92,59
87,49,70
80,46,75
98,89,84
54,66,89
79,59,62
68,83,48
98,60,61
53,94,71
53,78,53
57,62,53
34,99,73
58,60,67
54,79,68
68,73,56
71,87,64
94,90,54
80,69,81
57,58,83
52,75,40
73,59,54
46,97,45
93,70,58
83,63,66
58,71,46
40,50,54
86,55,52
64,85,71
84,59,69
42,54,57
57,76,70
66,85,59
66,79,63
59,82,93
75,58,88
49,49,48
63,90,80
67,64,80
73,65,50
76,87,80
49,76,91
42,75,51
85,99,54
70,59,83
54,81,72
89,69,76
67,72,73
83,90,73
67,76,48
96,76,83
92,84,85
62,63,64
80,57,67
75,54,45
86,41,75
51,97,76
76,53,67
81,65,84
39,65,62
48,73,76
35,80,52
61,81,67
76,60,65
88,66,71
67,72,62
90,65,66
45,91,80
40,75,61
65,79,43
71,78,94
65,85,88
34,71,48
64,50,78
46,74,60
76,59,71
71,61,72
51,77,64
58,86,56
50,69,57
65,73,54
80,92,55
51,72,66
73,100,57
58,76,78
54,44,90
64,79,59
50,74,71
57,87,75
48,78,75
95,67,69
66,51,79
55,66,75
69,57,49
64,60,81
62,77,81
75,92,56
77,74,68
58,52,78
57,75,64
61,85,84
31,60,100
43,67,56
86,69,47
90,58,72
62,78,78
74,67,64
70,74,89
100,56,47
82,62,78
64,79,58
51,63,93
41,93,97
69,63,56
54,72,59
44,82,80
56,49,62
49,44,67
91,47,68
79,86,39
65,61,67
88,100,57
67,61,60
53,71,89
88,90,49
74,97,80
50,97,63
63,85,63
52,83,79
45,77,73
79,79,76
94,61,82
45,57,63
74,68,58
56,66,51
58,62,55
57,78,100
53,82,86
66,70,47
53,89,48
70,53,75
65,66,76
62,58,76
52,42,64
57,67,66
77,67,72
73,90,69
51,77,34
67,54,64
77,94,55
40,86,70
74,77,100
56,65,73
74,55,63
54,63,81
38,84,75
41,95,74
66,90,77
69,62,98
52,53,51
75,70,75
41,44,54
65,73,76
47,66,54
56,62,61
66,46,63
53,76,82
60,61,81
81,52,49
57,28,68
78,68,57
49,93,49
73,92,64
87,62,63
28,60,100
54,75,74
74,55,47
62,73,59
71,79,83
56,86,99
67,67,44
63,66,39
83,56,96
69,57,73
71,65,54
59,74,76
58,81,28
59,57,68
71,89,72
59,65,81
70,68,52
97,58,69
79,35,54
61,81,71
84,79,54
59,65,61
35,69,53
50,76,77
37,47,80
60,61,64
66,80,68
91,51,46
70,73,63
62,50,67
78,75,100
32,68,51
69,46,89
77,85,82
43,58,72
83,57,94
71,71,73
59,85,73
75,54,67
100,69,86
68,75,84
69,78,58
59,71,48
53,63,64
78,57,55
53,70,67
67,53,86
58,28,61
73,75,67
71,81,68
81,35,80
58,54,34
61,77,58
51,97,71
59,69,86
71,58,60
77,66,39
52,88,77
79,59,58
86,57,50
72,62,58
94,55,65
54,70,58
47,91,34
39,73,81
88,65,87
75,64,77
65,47,50
70,81,64
49,67,67
100,66,76
67,100,78
67,73,56
76,58,69
73,63,74
69,85,89
54,70,78
73,48,79
94,81,69
86,59,89
89,95,74
58,84,55
51,62,89
64,86,78
66,69,61
82,80,60
40,75,72
88,57,74
63,59,70
59,83,72
50,64,93
41,63,84
78,55,70
67,74,82
46,97,52
46,54,73
60,69,95
91,88,64
62,67,55
43,75,58
62,54,51
61,74,56
25,66,62
65,82,46
62,85,68
76,100,81
93,77,54
82,73,90
61,71,75
49,64,83
100,73,58
66,64,80
66,71,51
65,87,81
68,54,70
63,84,76
57,87,50
57,67,54
65,39,76
57,60,53
55,87,74
67,68,47
62,55,80
88,61,49
26,80,76
82,76,77
84,65,57
34,63,76
60,63,71
60,56,59
44,91,52
54,64,38
49,86,73
92,90,44
80,82,69
85,62,64
76,74,78
49,68,63
58,56,63
73,73,78
47,52,73
76,85,72
62,62,75
60,71,44
76,72,79
72,65,77
60,77,52
83,62,64
49,81,67
75,50,65
74,70,73
61,96,89
70,54,84
47,59,48
79,76,77
63,71,87
58,73,73
81,75,84
55,77,98
44,84,83
42,74,71
75,65,83
46,78,70
92,95,68
34,67,62
91,55,91
69,84,55
64,67,90
57,38,75
71,80,47
65,61,73
82,67,36
67,73,77
68,71,81
60,78,59
65,62,69
70,76,97
40,65,60
45,79,52
77,77,90
68,55,97
63,84,68
66,61,83
71,80,88
57,74,56
54,94,60
68,65,86
51,64,93
72,68,76
40,64,54
81,80,97
73,46,60
69,54,62
80,54,73
90,82,91
81,92,80
38,67,74
46,66,74
56,69,68
66,85,76
73,56,30
55,72,63
68,82,71
54,76,50
56,71,73
44,83,64
52,31,94
45,78,91
51,59,61
81,43,65
51,76,66
100,88,61
73,67,70
68,82,56
53,91,51
76,87,77
57,91,77
67,79,55
100,70,81
64,46,58
83,65,71
55,57,80
65,99,67
92,66,74
56,70,60
93,76,65
76,69,64
57,92,56
75,60,65
80,71,44
75,58,60
42,50,63
55,60,64
62,68,64
64,62,67
75,59,75
68,49,81
45,67,58
71,47,49
75,79,52
74,70,60
82,48,62
78,64,56
72,58,48
64,73,61
41,87,70
72,42,76
69,70,59
70,66,61
46,78,54
49,71,67
81,58,55
65,64,76
76,57,41
66,84,62
66,69,72
80,95,70
58,68,100
67,59,73
59,47,52
59,43,66
61,46,41
69,72,66
58,76,55
84,46,81
52,81,59
63,62,66
59,71,58
87,91,94
68,81,63
81,65,95
43,56,80
70,38,75
79,58,73
67,66,73
81,55,39
58,67,63
87,70,80
100,65,67
60,59,46
59,71,67
87,75,93
89,53,86
58,88,67
59,67,82
61,69,62
45,78,42
52,72,54
50,82,91
54,73,63
65,60,64
69,74,63
89,52,96
51,70,92
80,68,100
62,66,65
65,67,72
76,42,45
49,61,90
71,70,50
68,71,71
73,54,51
70,86,59
100,56,55
56,82,58
58,74,59
56,59,59
57,93,80
56,52,51
83,81,71
87,83,86
57,59,60
53,88,57
73,65,64
57,73,85
75,72,70
69,67,60
43,80,75
89,80,51
92,44,78
56,87,74
60,45,63
70,83,55
71,84,54
75,53,76
96,63,86
63,53,58
54,65,74
45,64,36
55,79,59
65,87,67
92,88,54
58,61,53
69,66,57
65,45,72
83,57,65
100,82,34
58,91,36
58,51,58
81,60,74
76,68,26
93,72,60
74,57,60
60,74,88
74,62,62
82,68,73
78,76,70
73,69,36
82,62,79
83,67,71
86,67,75
75,63,100
63,65,36
68,91,93
84,76,63
53,64,72
71,78,67
60,64,61
66,85,59
85,74,72
68,67,45
66,75,79
45,47,61
77,53,51
75,52,61
98,71,86
61,93,59
69,100,73
69,77,57
89,76,79
64,43,78
70,61,95
75,57,65
68,60,78
59,66,69
68,62,87
82,41,57
50,79,79
67,53,65
55,72,67
83,98,69
43,56,71
57,33,66
71,64,71
89,84,91
65,96,82
57,51,81
94,75,61
44,62,54
33,67,82
72,100,81
58,47,90
50,72,58
76,75,64
69,84,43
57,70,62
46,73,82
79,63,61
75,72,77
64,64,65
93,77,72
49,63,50
43,74,69
55,68,23
65,84,65
69,68,43
62,44,86
71,86,79
47,56,75
87,59,90
64,60,53
82,88,94
71,39,81
72,100,64
74,83,85
72,72,51
75,68,55
85,72,58
68,76,60
76,78,52
64,76,86
87,70,64
55,66,73
93,66,59
65,66,40
44,84,72
67,77,39
55,27,66
78,78,47
56,71,97
59,68,81
37,63,69
59,84,86
29,82,55
42,58,76
77,74,70
77,55,71
72,49,87
51,60,78
65,81,72
65,82,43
48,76,53
88,79,66
79,76,69
62,60,51
66,75,100
69,80,90
35,79,77
62,85,69
55,78,64
50,73,53
61,83,69
92,68,71
75,56,49
57,66,73
74,58,65
